{"atoms": [[6, 0, 0, false, 0, 0, {"PartialCharge": -0.06003300100564957}], [6, 0, 0, false, 0, 0, {"PartialCharge": 0.15080000460147858}], [6, 0, 0, false, 0, 0, {"PartialCharge": -0.06003300100564957}], [6, 0, 0, false, 0, 0, {"PartialCharge": -0.06003300100564957}], [6, 0, 0, false, 0, 0, {"PartialCharge": -0.08606699854135513}], [6, 0, 0, false, 0, 0, {"PartialCharge": -0.07173299789428711}], [6, 0, 0, false, 0, 0, {"PartialCharge": -0.07173299789428711}], [6, 0, 0, false, 0, 0, {"PartialCharge": -0.08606699854135513}], [6, 0, 0, false, 0, 0, {"PartialCharge": -0.08606699854135513}], [6, 0, 0, false, 0, 0, {"PartialCharge": -0.07173299789428711}], [8, 0, 0, false, 0, 0, {"PartialCharge": -0.5938000082969666}], [1, 0, 0, false, 0, 0, {"PartialCharge": 0.050367001444101334}], [1, 0, 0, false, 0, 0, {"PartialCharge": 0.050367001444101334}], [1, 0, 0, false, 0, 0, {"PartialCharge": 0.050367001444101334}], [1, 0, 0, false, 0, 0, {"PartialCharge": 0.04936699941754341}], [1, 0, 0, false, 0, 0, {"PartialCharge": 0.04936699941754341}], [1, 0, 0, false, 0, 0, {"PartialCharge": 0.04186699911952019}], [1, 0, 0, false, 0, 0, {"PartialCharge": 0.04186699911952019}], [1, 0, 0, false, 0, 0, {"PartialCharge": 0.04186699911952019}], [1, 0, 0, false, 0, 0, {"PartialCharge": 0.04186699911952019}], [1, 0, 0, false, 0, 0, {"PartialCharge": 0.04936699941754341}], [1, 0, 0, false, 0, 0, {"PartialCharge": 0.04936699941754341}], [1, 0, 0, false, 0, 0, {"PartialCharge": 0.04936699941754341}], [1, 0, 0, false, 0, 0, {"PartialCharge": 0.04936699941754341}], [1, 0, 0, false, 0, 0, {"PartialCharge": 0.04186699911952019}], [1, 0, 0, false, 0, 0, {"PartialCharge": 0.04186699911952019}], [1, 0, 0, false, 0, 0, {"PartialCharge": 0.3970000147819519}]], "bonds": [[0, 4, 1, 0, {}], [0, 5, 1, 0, {}], [0, 6, 1, 0, {}], [0, 11, 1, 0, {}], [1, 4, 1, 0, {}], [1, 7, 1, 0, {}], [1, 8, 1, 0, {}], [1, 10, 1, 0, {}], [2, 5, 1, 0, {}], [2, 7, 1, 0, {}], [2, 9, 1, 0, {}], [2, 12, 1, 0, {}], [3, 6, 1, 0, {}], [3, 8, 1, 0, {}], [3, 9, 1, 0, {}], [3, 13, 1, 0, {}], [4, 14, 1, 0, {}], [4, 15, 1, 0, {}], [5, 16, 1, 0, {}], [5, 17, 1, 0, {}], [6, 18, 1, 0, {}], [6, 19, 1, 0, {}], [7, 20, 1, 0, {}], [7, 21, 1, 0, {}], [8, 22, 1, 0, {}], [8, 23, 1, 0, {}], [9, 24, 1, 0, {}], [9, 25, 1, 0, {}], [10, 26, 1, 0, {}]], "conformer": ["\u0093NUMPY\u0001\u0000v\u0000{'descr': '<f8', 'fortran_order': False, 'shape': (27, 3), }                                                         \n\u0000\u0000\u0000\u0000\u0000\u0000\u001c@\u0000\u0000\u0000\u00c0\u00ccL\u001c@\u0000\u0000\u0000 \u0004\u00d61@\u0000\u0000\u0000@\u00e1z\u0012@\u0000\u0000\u0000\u0080\u00e9&\u001f@\u0000\u0000\u0000 \u00ae\u00072@\u0000\u0000\u0000 \u0006\u0081\u0014@\u0000\u0000\u0000\u00c0v\u00be\u0015@\u0000\u0000\u0000\u00c0\u001ee1@\u0000\u0000\u0000\u00e0|?\u0016@\u0000\u0000\u0000\u00c0\u00ccL\u001d@\u0000\u0000\u0000\u0080=\u008a/@\u0000\u0000\u0000 \u00b2\u001d\u0018@\u0000\u0000\u0000 \u0085\u00eb\u001f@\u0000\u0000\u0000\u00a0\u00c4\u00a02@\u0000\u0000\u0000\u0000-2\u001a@\u0000\u0000\u0000\u00e0xi\u0016@\u0000\u0000\u0000\u0080\u0093\u00f81@\u0000\u0000\u0000 \u00b0\u00f2\u001b@\u0000\u0000\u0000@\u00b6\u00f3\u001d@\u0000\u0000\u0000\u0080\u0093X0@\u0000\u0000\u0000@\u008d\u0097\u0010@\u0000\u0000\u0000\u0000\u00feT\u0019@\u0000\u0000\u0000@\u00df/2@\u0000\u0000\u0000\u00a0Ga\u0012@\u0000\u0000\u0000\u0000\u00d5x @\u0000\u0000\u0000\u0080\u0014\u008e0@\u0000\u0000\u0000@\u00b6s\u0014@\u0000\u0000\u0000\u0000\u007fj\u0017@\u0000\u0000\u0000@b\u00d0/@\u0000\u0000\u0000\u00e0|?\r@\u0000\u0000\u0000@\b,!@\u0000\u0000\u0000\u0000\u00d7\u00c32@\u0000\u0000\u0000\u00c0\u00cc\f @\u0000\u0000\u0000\u0080\u00c0\u00ca\u001c@\u0000\u0000\u0000\u00a0GA2@\u0000\u0000\u0000`d;\u0013@\u0000\u0000\u0000\u00c0\u00f3}\u0011@\u0000\u0000\u0000\u0000\u00ac|1@\u0000\u0000\u0000 X9\u0016@\u0000\u0000\u0000\u0000\u00d5x\u001e@\u0000\u0000\u0000 Zd-@\u0000\u0000\u0000`ff\u0019@\u0000\u0000\u0000\u0080h\u0011\"@\u0000\u0000\u0000\u0000\u00aa\u00912@\u0000\u0000\u0000\u00e0\u00d0\"\u0018@\u0000\u0000\u0000\u0080\u0016\u00d9\u001e@\u0000\u0000\u0000\u00a0\u00f1\u00b23@\u0000\u0000\u0000\u00a0\u00ed\u00fc\u001c@\u0000\u0000\u0000\u00c0K\u00b7\u0013@\u0000\u0000\u0000\u0000-r1@\u0000\u0000\u0000\u00e0\u00a7F\u001a@\u0000\u0000\u0000\u0080\u0014.\u0015@\u0000\u0000\u0000 1\b3@\u0000\u0000\u0000\u00a0\u009b\u00c4\u001e@\u0000\u0000\u0000\u00e0\u00f9~\u001b@\u0000\u0000\u0000\u0000+\u0087/@\u0000\u0000\u0000@\u00dfO\u001d@\u0000\u0000\u0000`\u00e5\u0010!@\u0000\u0000\u0000\u0000)<0@\u0000\u0000\u0000\u00e0\u00ce\u00f7\b@\u0000\u0000\u0000\u0080\u00eb\u00d1\u0018@\u0000\u0000\u0000 \\\u00cf1@\u0000\u0000\u0000\u00a0\u00ed|\u0010@\u0000\u0000\u0000@33\u0018@\u0000\u0000\u0000\u00a0GA3@\u0000\u0000\u0000\u00e0\u00a5\u009b\f@\u0000\u0000\u0000\u0080\u0016Y @\u0000\u0000\u0000\u0080\u0095#0@\u0000\u0000\u0000@b\u0090\u0013@\u0000\u0000\u0000@\n\u0097\"@\u0000\u0000\u0000@\nw0@\u0000\u0000\u0000\u0080lg\u0010@\u0000\u0000\u0000@`\u00e5\u0016@\u0000\u0000\u0000\u00e0\u00ce\u00f7.@\u0000\u0000\u0000`\u00b8\u001e\u0017@\u0000\u0000\u0000`\u00ba\u00c9\u0014@\u0000\u0000\u0000 Z\u00a4.@\u0000\u0000\u0000\u00e0\u00d0\"\u0010@\u0000\u0000\u0000\u00e0\u00a3\u00f0\"@\u0000\u0000\u0000\u00a0\u001c\u00fa2@", {}], "molprops": {"atom.dprop.PartialCharge": "-0.060033001005649567 0.15080000460147858 -0.060033001005649567 -0.060033001005649567 -0.086066998541355133 -0.071732997894287109 -0.071732997894287109 -0.086066998541355133\n-0.086066998541355133 -0.071732997894287109 -0.59380000829696655 0.050367001444101334 0.050367001444101334 0.050367001444101334 0.049366999417543411 0.049366999417543411\n0.041866999119520187 0.041866999119520187 0.041866999119520187 0.041866999119520187 0.049366999417543411 0.049366999417543411 0.049366999417543411 0.049366999417543411 0.041866999119520187\n0.041866999119520187 0.3970000147819519", "ofe-name": "A1"}, "__qualname__": "SmallMoleculeComponent", "__module__": "gufe.components.smallmoleculecomponent", ":version:": 1}