{"atoms": [[6, 0, 0, false, 0, 0, {"PartialCharge": -0.057999998331069946}], [7, 0, 1, false, 0, 0, {"PartialCharge": -0.847000002861023}], [6, 0, 0, false, 0, 0, {"PartialCharge": 0.13699999451637268}], [6, 0, 0, false, 0, 0, {"PartialCharge": -0.057999998331069946}], [6, 0, 0, false, 0, 0, {"PartialCharge": -0.057999998331069946}], [6, 0, 0, false, 0, 0, {"PartialCharge": -0.09099999815225601}], [6, 0, 0, false, 0, 0, {"PartialCharge": -0.08399999886751175}], [6, 0, 0, false, 0, 0, {"PartialCharge": -0.08399999886751175}], [6, 0, 0, false, 0, 0, {"PartialCharge": -0.09099999815225601}], [6, 0, 0, false, 0, 0, {"PartialCharge": -0.09099999815225601}], [6, 0, 0, false, 0, 0, {"PartialCharge": -0.08399999886751175}], [1, 0, 0, false, 0, 0, {"PartialCharge": 0.08799999952316284}], [1, 0, 0, false, 0, 0, {"PartialCharge": 0.08799999952316284}], [1, 0, 0, false, 0, 0, {"PartialCharge": 0.08799999952316284}], [1, 0, 0, false, 0, 0, {"PartialCharge": 0.06400000303983688}], [1, 0, 0, false, 0, 0, {"PartialCharge": 0.06400000303983688}], [1, 0, 0, false, 0, 0, {"PartialCharge": 0.06700000166893005}], [1, 0, 0, false, 0, 0, {"PartialCharge": 0.06700000166893005}], [1, 0, 0, false, 0, 0, {"PartialCharge": 0.06700000166893005}], [1, 0, 0, false, 0, 0, {"PartialCharge": 0.06700000166893005}], [1, 0, 0, false, 0, 0, {"PartialCharge": 0.06400000303983688}], [1, 0, 0, false, 0, 0, {"PartialCharge": 0.06400000303983688}], [1, 0, 0, false, 0, 0, {"PartialCharge": 0.06400000303983688}], [1, 0, 0, false, 0, 0, {"PartialCharge": 0.06400000303983688}], [1, 0, 0, false, 0, 0, {"PartialCharge": 0.06700000166893005}], [1, 0, 0, false, 0, 0, {"PartialCharge": 0.06700000166893005}], [1, 0, 0, false, 0, 0, {"PartialCharge": 0.45399999618530273}], [1, 0, 0, false, 0, 0, {"PartialCharge": 0.45399999618530273}], [1, 0, 0, false, 0, 0, {"PartialCharge": 0.45399999618530273}]], "bonds": [[0, 5, 1, 0, {}], [0, 6, 1, 0, {}], [0, 7, 1, 0, {}], [0, 11, 1, 0, {}], [1, 26, 1, 0, {}], [1, 27, 1, 0, {}], [1, 28, 1, 0, {}], [1, 2, 1, 0, {}], [2, 5, 1, 0, {}], [2, 8, 1, 0, {}], [2, 9, 1, 0, {}], [3, 6, 1, 0, {}], [3, 8, 1, 0, {}], [3, 10, 1, 0, {}], [3, 12, 1, 0, {}], [4, 7, 1, 0, {}], [4, 9, 1, 0, {}], [4, 10, 1, 0, {}], [4, 13, 1, 0, {}], [5, 14, 1, 0, {}], [5, 15, 1, 0, {}], [6, 16, 1, 0, {}], [6, 17, 1, 0, {}], [7, 18, 1, 0, {}], [7, 19, 1, 0, {}], [8, 20, 1, 0, {}], [8, 21, 1, 0, {}], [9, 22, 1, 0, {}], [9, 23, 1, 0, {}], [10, 24, 1, 0, {}], [10, 25, 1, 0, {}]], "conformer": ["\u0093NUMPY\u0001\u0000v\u0000{'descr': '<f8', 'fortran_order': False, 'shape': (29, 3), }                                                         \n\u0000\u0000\u0000\u00c0\u001e\u0005\u001c@\u0000\u0000\u0000 \u00aeG\u001c@\u0000\u0000\u0000`\u00bc\u00d41@\u0000\u0000\u0000\u0080\u00ebQ\r@\u0000\u0000\u0000\u00a0Ga!@\u0000\u0000\u0000`\u00b8\u00de2@\u0000\u0000\u0000\u00a0\u00ed|\u0012@\u0000\u0000\u0000`\u000e-\u001f@\u0000\u0000\u0000\u0080\u00c0\n2@\u0000\u0000\u0000@\f\u0082\u0014@\u0000\u0000\u0000@\u0089\u00c1\u0015@\u0000\u0000\u0000 \u00ddd1@\u0000\u0000\u0000\u00c0v>\u0016@\u0000\u0000\u0000@\u00dfO\u001d@\u0000\u0000\u0000\u00e0O\u008d/@\u0000\u0000\u0000\u0080\u00e9&\u0018@\u0000\u0000\u0000 \u0085\u00eb\u001f@\u0000\u0000\u0000\u0080A\u00a02@\u0000\u0000\u0000\u00e0&1\u001a@\u0000\u0000\u0000\u00e0xi\u0016@\u0000\u0000\u0000 X\u00f91@\u0000\u0000\u0000 \u00b0\u00f2\u001b@\u0000\u0000\u0000`\u00bc\u00f4\u001d@\u0000\u0000\u0000\u0080\u0093X0@\u0000\u0000\u0000@\u008d\u0097\u0010@\u0000\u0000\u0000\u0080\u0016Y\u0019@\u0000\u0000\u0000@\u00df/2@\u0000\u0000\u0000\u00a0\u001cZ\u0012@\u0000\u0000\u0000 Xy @\u0000\u0000\u0000\u00e0&\u00910@\u0000\u0000\u0000`\u00bct\u0014@\u0000\u0000\u0000@\u008bl\u0017@\u0000\u0000\u0000\u0080h\u00d1/@\u0000\u0000\u0000 \\\u000f @\u0000\u0000\u0000\u0080\u0095\u00c3\u001c@\u0000\u0000\u0000\u0080\u00be?2@\u0000\u0000\u0000\u00c0K7\u0013@\u0000\u0000\u0000`\u0012\u0083\u0011@\u0000\u0000\u0000\u00a0\u00ed|1@\u0000\u0000\u0000`94\u0016@\u0000\u0000\u0000@\f\u0082\u001e@\u0000\u0000\u0000\u00a0\u00efg-@\u0000\u0000\u0000`\u00e7{\u0019@\u0000\u0000\u0000@b\u0010\"@\u0000\u0000\u0000\u0080\u0014\u008e2@\u0000\u0000\u0000`\u00baI\u0018@\u0000\u0000\u0000 \u0004\u00d6\u001e@\u0000\u0000\u0000 \u00b0\u00b23@\u0000\u0000\u0000\u00c0\u00f3\u00fd\u001c@\u0000\u0000\u0000\u0000-\u00b2\u0013@\u0000\u0000\u0000\u00e0zt1@\u0000\u0000\u0000@\u0089A\u001a@\u0000\u0000\u0000\u00a0\u001a/\u0015@\u0000\u0000\u0000@7\t3@\u0000\u0000\u0000\u00e0\u00a7\u00c6\u001e@\u0000\u0000\u0000\u0000\u0000\u0080\u001b@\u0000\u0000\u0000\u00c0\u00a1\u0085/@\u0000\u0000\u0000`\u00e5P\u001d@\u0000\u0000\u0000\u0080h\u0011!@\u0000\u0000\u0000\u00e0\u00a5;0@\u0000\u0000\u0000 \u00db\u00f9\b@\u0000\u0000\u0000`\u00ba\u00c9\u0018@\u0000\u0000\u0000\u00a0\u00c6\u00cb1@\u0000\u0000\u0000`\u00bct\u0010@\u0000\u0000\u0000\u0000\u0081\u0015\u0018@\u0000\u0000\u0000\u0080\u00be?3@\u0000\u0000\u0000\u0000\u0081\u0095\f@\u0000\u0000\u0000\u00a0\u00f1R @\u0000\u0000\u0000@\u0089!0@\u0000\u0000\u0000\u00c0I\u008c\u0013@\u0000\u0000\u0000@\u008d\u0097\"@\u0000\u0000\u0000\u00e0zt0@\u0000\u0000\u0000\u0000\u007fj\u0010@\u0000\u0000\u0000\u0000T\u00e3\u0016@\u0000\u0000\u0000\u00a0E\u00f6.@\u0000\u0000\u0000`\u00b8\u001e\u0017@\u0000\u0000\u0000\u00a0\u00c6\u00cb\u0014@\u0000\u0000\u0000 \u00dd\u00a4.@\u0000\u0000\u0000\u00e0$\u0006\u000f@\u0000\u0000\u0000\u0080lg#@\u0000\u0000\u0000\u00e0\u00a5\u00bb2@\u0000\u0000\u0000\u00a0\u00c4 \u000e@\u0000\u0000\u0000\u00e0Q\u00f8 @\u0000\u0000\u0000`\u0012\u00e33@\u0000\u0000\u0000\u00c0rh\u0005@\u0000\u0000\u0000\u00e0z\u0014!@\u0000\u0000\u0000\u00a0p\u009d2@", {}], "molprops": {"atom.dprop.PartialCharge": "-0.057999998331069946 -0.84700000286102295 0.13699999451637268 -0.057999998331069946 -0.057999998331069946 -0.090999998152256012 -0.083999998867511749 -0.083999998867511749\n-0.090999998152256012 -0.090999998152256012 -0.083999998867511749 0.087999999523162842 0.087999999523162842 0.087999999523162842 0.064000003039836884 0.064000003039836884\n0.067000001668930054 0.067000001668930054 0.067000001668930054 0.067000001668930054 0.064000003039836884 0.064000003039836884 0.064000003039836884 0.064000003039836884 0.067000001668930054\n0.067000001668930054 0.45399999618530273 0.45399999618530273 0.45399999618530273", "ofe-name": "A2"}, "__qualname__": "SmallMoleculeComponent", "__module__": "gufe.components.smallmoleculecomponent", ":version:": 1}